time,latitude,longitude,depth,mag,magType,nst,gap,dmin,rms,net,id,updated,place,type,horizontalError,depthError,magError,magNst,status,locationSource,magSource
2023-05-10T16:02:00.334Z,-15.6278,-174.4925,210,7.6,mww,380,15,3.744,0.7,us,us6000kawn,2023-06-08T04:11:31.460Z,"Tonga",earthquake,7.37,1.841,0.055,32,reviewed,us,us
2023-01-09T17:47:35.037Z,-7.0586,130.009,104.95,7.6,mww,113,21,1.574,0.8,us,us7000j36j,2023-04-05T16:41:13.472Z,"Pulau Pulau Tanimbar, Indonesia",earthquake,6.9,2.259,0.041,58,reviewed,us,us
2021-07-29T06:15:49.188Z,55.3635,-157.8876,35,8.2,mww,,,,0.95,ak,ak0219neiszm,2023-05-06T00:37:53.231Z,"Alaska Peninsula",earthquake,,0,,,reviewed,ak,ak
2020-10-19T20:54:38.950Z,54.602,-159.6258,28.37,7.6,mww,,36,0.23,0.91,us,us6000c9hg,2023-05-06T01:09:00.911Z,"99 km SE of Sand Point, Alaska",earthquake,5.1,3,0.021,213,reviewed,us,us
2020-07-22T06:12:44.810Z,55.0715,-158.596,28,7.8,mww,,60,0.621,0.97,us,us7000asvb,2023-05-06T01:07:59.400Z,"99 km SSE of Perryville, Alaska",earthquake,5.4,1.9,0.019,261,reviewed,us,us
2020-03-25T02:49:21.160Z,48.9638,157.6955,57.8,7.5,mww,,12,4.109,0.66,us,us70008fi4,2022-08-08T21:31:52.041Z,"221 km SSE of Severo-Kuril’sk, Russia",earthquake,5.6,2.7,0.02,239,reviewed,us,us
2020-01-28T19:10:24.918Z,19.4193,-78.756,14.86,7.7,mww,,26,1.657,0.75,us,us60007idc,2022-03-10T05:04:04.558Z,"123 km NNW of Lucea, Jamaica",earthquake,6,2.9,0.022,199,reviewed,us,us
2019-05-14T12:58:25.939Z,-4.051,152.5967,10,7.6,mww,,16,0.453,1,us,us70003kyy,2020-07-07T22:53:37.609Z,"48 km NE of Kokopo, Papua New Guinea",earthquake,3.8,1.6,0.046,45,reviewed,us,us
2018-12-05T04:18:08.420Z,-21.9496,169.4266,10,7.5,mww,,18,2.405,0.74,us,us1000i2gt,2022-05-03T19:50:49.454Z,"166 km ESE of Tadine, New Caledonia",earthquake,5.1,1.5,0.047,44,reviewed,us,us
2018-09-06T15:49:18.710Z,-18.4743,179.3502,670.81,7.9,mww,,12,1.431,1.07,us,us2000h9e2,2022-05-03T19:33:29.496Z,"45 km S of Levuka, Fiji",earthquake,9.5,2.8,0.025,157,reviewed,us,us
2018-08-19T00:19:40.670Z,-18.1125,-178.153,600,8.2,mww,,13,3.63,0.79,us,us1000gcii,2022-05-03T19:56:52.773Z,"267 km E of Levuka, Fiji",earthquake,9.6,1.9,0.045,47,reviewed,us,us
2018-01-23T09:31:40.890Z,56.0039,-149.1658,14.06,7.9,mww,,30,2.585,0.77,us,us2000cmy3,2022-05-23T18:35:06.718Z,"261 km SE of Chiniak, Alaska",earthquake,6,2.8,0.034,81,reviewed,us,us
2018-01-10T02:51:33.290Z,17.4825,-83.52,19,7.5,mww,,12,4.581,0.82,us,us1000c2zy,2022-05-03T18:44:48.043Z,"203 km NNE of Barra Patuca, Honduras",earthquake,5.8,1.7,0.035,79,reviewed,us,us
2017-09-08T04:49:19.180Z,15.0222,-93.8993,47.39,8.2,mww,,22,0.944,1.22,us,us2000ahv0,2023-03-17T00:17:02.841Z,"near the coast of Chiapas, Mexico",earthquake,6.2,3.7,0.058,29,reviewed,us,us
2017-07-17T23:34:13.740Z,54.4434,168.857,10,7.7,mww,,13,3.564,0.68,us,us20009x42,2022-08-07T12:08:04.728Z,"Komandorskiye Ostrova, Russia region",earthquake,7,1.8,0.036,73,reviewed,us,us
2016-12-17T10:51:10.500Z,-4.5049,153.5216,94.54,7.9,mww,,13,1.389,0.97,us,us200081v8,2022-05-03T18:56:29.519Z,"140 km E of Kokopo, Papua New Guinea",earthquake,7.3,3.8,,,reviewed,us,us
2016-12-08T17:38:46.280Z,-10.6812,161.3273,40,7.8,mww,,13,1.836,0.88,us,us20007z80,2022-05-03T18:56:20.197Z,"69 km WSW of Kirakira, Solomon Islands",earthquake,8.3,1.8,,,reviewed,us,us
2016-07-29T21:18:24.740Z,18.5429,145.5073,196,7.7,mww,,14,3.294,1.38,us,us100068jg,2022-05-03T18:53:40.050Z,"Pagan region, Northern Mariana Islands",earthquake,7.5,1.8,,,reviewed,us,us
2015-05-30T11:23:02.110Z,27.8386,140.4931,664,7.8,mww,,12,1.675,1.12,us,us20002ki3,2022-05-03T17:24:11.194Z,"Bonin Islands, Japan region",earthquake,9.2,1.9,,,reviewed,us,us
2015-03-29T23:48:31.010Z,-4.7294,152.5623,41,7.5,mww,,19,0.666,1.32,us,us10001rvu,2022-07-28T05:12:47.373Z,"53 km SE of Kokopo, Papua New Guinea",earthquake,7,1.8,,,reviewed,us,us
2014-06-23T20:53:09.700Z,51.8486,178.7352,109,7.9,mww,,22,0.133,0.71,us,usc000rki5,2022-07-26T17:59:14.185Z,"Rat Islands, Aleutian Islands, Alaska",earthquake,,1.8,,,reviewed,us,us
2014-04-19T13:28:00.810Z,-6.7547,155.0241,43.37,7.5,mww,,16,3.82,1.25,us,usb000pr89,2022-05-03T16:48:17.192Z,"70 km SW of Panguna, Papua New Guinea",earthquake,,3.8,,,reviewed,us,us
2014-04-12T20:14:39.300Z,-11.2701,162.1481,22.56,7.6,mww,,13,2.828,0.71,us,usc000phx5,2022-05-03T16:47:44.748Z,"93 km SSE of Kirakira, Solomon Islands",earthquake,,2.8,,,reviewed,us,us
2014-04-03T02:43:13.110Z,-20.5709,-70.4931,22.4,7.7,mww,,44,1.029,0.82,us,usc000p27i,2022-11-08T00:40:23.484Z,"53 km SW of Iquique, Chile",earthquake,,3.4,,,reviewed,us,us
2014-04-01T23:46:47.260Z,-19.6097,-70.7691,25,8.2,mww,,23,0.609,0.66,us,usc000nzvd,2022-12-26T02:21:00.248Z,"93 km NW of Iquique, Chile",earthquake,,1.8,,,reviewed,us,us
2013-05-24T05:44:48.980Z,54.892,153.221,598.1,8.3,mww,385,10,,1.02,us,usb000h4jh,2022-08-28T07:25:50.955Z,"Sea of Okhotsk",earthquake,,4.1,,,reviewed,us,us
2013-02-06T01:12:25.830Z,-10.799,165.114,24,8,mww,460,20.9,,1.29,us,usc000f1s0,2022-07-24T17:28:55.652Z,"75 km W of Lata, Solomon Islands",earthquake,,,,,reviewed,us,us
2013-01-05T08:58:14.957Z,55.228,-134.8591,8.7,7.5,mw,,,,1.51,ak,ak0138esnzr,2022-05-03T16:02:50.203Z,"110 km SW of Edna Bay, Alaska",earthquake,,1,,,reviewed,ak,ak
2012-08-31T12:47:33.380Z,10.811,126.638,28,7.6,mww,682,10.2,,1.02,us,usp000jr83,2022-05-03T15:48:46.699Z,"89 km E of Sulangan, Philippines",earthquake,,,,,reviewed,us,us
2012-08-14T02:59:38.460Z,49.8,145.064,583.2,7.7,mww,862,13.8,,0.83,us,usp000jq9h,2022-05-03T15:46:15.720Z,"156 km ENE of Poronaysk, Russia",earthquake,,2.6,,,reviewed,us,us
2011-03-11T06:25:50.300Z,38.058,144.59,18.6,7.7,mwc,507,10.8,,0.85,us,usp000hvpg,2022-07-19T08:04:51.126Z,"272 km ESE of Kamaishi, Japan",earthquake,,8,,,reviewed,us,us
2011-03-11T06:15:40.280Z,36.281,141.111,42.6,7.9,mwc,163,48.4,,1.44,us,usp000hvpa,2023-06-14T18:07:38.583Z,"47 km E of ?arai, Japan",earthquake,,9.6,,,reviewed,us,us
2011-03-11T05:46:24.120Z,38.297,142.373,29,9.1,mww,541,9.5,,1.16,official,official20110311054624120_30,2022-11-10T01:14:56.446Z,"2011 Great Tohoku Earthquake, Japan",earthquake,,,,,reviewed,us,official
2010-07-23T23:15:10.190Z,6.776,123.259,640.6,7.5,mwc,441,17.5,,0.82,us,usp000hgmq,2022-07-18T17:02:13.829Z,"72 km S of Panubigan, Philippines",earthquake,,,,,reviewed,us,gcmt
2010-07-23T22:51:11.840Z,6.497,123.48,578,7.6,mwc,340,15.1,,0.91,us,usp000hgmh,2022-07-18T17:00:38.641Z,"61 km W of Bantogon, Philippines",earthquake,,,,,reviewed,us,us
2009-10-07T22:18:51.240Z,-12.517,166.382,35,7.8,mwc,195,20.3,,0.97,us,usp000h2gd,2022-05-02T21:29:39.820Z,"196 km NW of Sola, Vanuatu",earthquake,,,,,reviewed,us,us
2009-10-07T22:03:14.470Z,-13.006,166.51,45,7.7,mww,283,23.2,,1.31,us,usp000h2g9,2022-07-15T18:45:47.803Z,"148 km NW of Sola, Vanuatu",earthquake,,,,,reviewed,us,us
2009-09-29T17:48:10.990Z,-15.489,-172.095,18,8.1,mwc,520,20.8,,1.01,us,usp000h1ys,2022-07-15T18:20:44.470Z,"168 km SSW of Matavai, Samoa",earthquake,,,,,reviewed,us,gcmt
2008-07-05T02:12:04.480Z,53.882,152.886,632.8,7.7,mwc,777,13.5,,0.83,us,usp000gbc0,2022-07-13T04:39:04.928Z,"Sea of Okhotsk",earthquake,,3.1,,,reviewed,us,us
2007-09-28T13:38:57.880Z,22.013,142.668,260,7.5,mwc,558,11.8,,0.97,us,usp000fpca,2022-07-14T02:30:19.087Z,"Volcano Islands, Japan region",earthquake,,,,,reviewed,us,gcmt
2007-08-15T23:40:57.890Z,-13.386,-76.603,39,8,mwc,625,25.7,,0.86,us,usp000fjta,2022-09-19T18:59:17.671Z,"41 km SW of San Vicente de Cañete, Peru",earthquake,,,,,reviewed,us,gcmt
2007-04-01T20:39:58.710Z,-8.466,157.043,24,8.1,mwc,439,14.7,,1.32,us,usp000f83m,2022-07-14T07:01:32.418Z,"45 km SSE of Gizo, Solomon Islands",earthquake,,,,,reviewed,us,gcmt
2007-01-21T11:27:45.060Z,1.065,126.282,22,7.5,mwc,570,21.6,,1.22,us,usp000f34b,2022-07-14T08:08:59.870Z,"126 km WNW of Ternate, Indonesia",earthquake,,,,,reviewed,us,gcmt
2007-01-13T04:23:21.160Z,46.243,154.524,10,8.1,mwc,606,14,,1.12,us,usp000f2ab,2022-07-14T08:15:53.956Z,"east of the Kuril Islands",earthquake,,,,,reviewed,us,gcmt
2006-11-15T11:14:13.570Z,46.592,153.266,10,8.3,mwc,576,20.9,,1.07,us,usp000exfn,2022-09-24T08:33:38.884Z,"Kuril Islands",earthquake,,,,,reviewed,us,gcmt
2006-05-03T15:26:40.290Z,-20.187,-174.123,55,8,mwc,626,20.7,,1.18,us,usp000eg5g,2022-07-14T11:33:02.464Z,"47 km SSE of Pangai, Tonga",earthquake,,,,,reviewed,us,hrv
2006-01-27T16:58:53.670Z,-5.473,128.131,397,7.6,mwc,560,22.3,,0.88,us,usp000e8ys,2022-07-14T12:36:43.741Z,"196 km S of Ambon, Indonesia",earthquake,,,,,reviewed,us,hrv
2005-09-09T07:26:43.730Z,-4.539,153.474,90,7.6,mwc,502,20,,1.04,us,usp000dz2j,2022-07-14T14:54:15.306Z,"135 km E of Kokopo, Papua New Guinea",earthquake,,,,,reviewed,us,hrv
2004-11-11T21:26:41.150Z,-8.152,124.868,10,7.5,mwc,301,33.8,,1.07,us,usp000d85g,2022-07-14T19:45:32.524Z,"63 km NW of Maubara, Timor Leste",earthquake,,,,,reviewed,us,hrv
2003-11-17T06:43:06.800Z,51.146,178.65,33,7.8,mwc,604,24,,1.11,us,usp000cd1n,2022-05-02T16:54:06.367Z,"Rat Islands, Aleutian Islands, Alaska",earthquake,,,,,reviewed,us,hrv
2003-09-25T19:50:06.360Z,41.815,143.91,27,8.16,mww,,,,,official,official20030925195006360_27,2022-05-02T16:44:11.135Z,"134 km SSW of Kushiro, Japan",earthquake,,,,,reviewed,us,duputel
2003-01-22T02:06:34.610Z,18.77,-104.104,24,7.6,mwb,551,,,1.4,us,usp000bnyr,2022-05-02T16:23:52.048Z,"16 km SSW of Cuyutlán, Mexico",earthquake,,,,,reviewed,us,us
2002-10-10T10:50:20.570Z,-1.757,134.297,10,7.6,mwc,375,,,1.15,us,usp000be54,2022-05-02T16:11:29.357Z,"102 km SSE of Manokwari, Indonesia",earthquake,,,,,reviewed,us,hrv
2002-08-19T11:01:01.190Z,-21.696,-179.513,580,7.7,mwc,670,,,0.93,us,usp000ba6g,2022-05-02T16:14:14.819Z,"Fiji region",earthquake,,,,,reviewed,us,hrv
2002-03-05T21:16:09.130Z,6.033,124.249,31,7.5,mwc,321,,,0.95,us,usp000azqw,2022-05-02T15:45:49.701Z,"Mindanao, Philippines",earthquake,,,,,reviewed,us,hrv
2001-10-19T03:28:44.460Z,-4.102,123.907,33,7.5,mwc,234,,,1.14,us,usp000ar78,2022-04-29T19:37:29.631Z,"155 km E of Kendari, Indonesia",earthquake,,,,,reviewed,us,hrv
2001-07-07T09:38:43.520Z,-17.543,-72.077,33,7.6,mwc,398,,,1.15,us,usp000aj40,2022-04-29T19:25:29.098Z,"51 km SW of Punta de Bombón, Peru",earthquake,,,,,reviewed,us,hrv
2001-06-23T20:33:14.130Z,-16.265,-73.641,33,8.4,mww,518,,,1.05,official,official20010623203314130_33,2022-04-29T19:23:29.022Z,"6 km SSW of Atico, Peru",earthquake,,,,,reviewed,us,official
2001-01-13T17:33:32.380Z,13.049,-88.66,60,7.7,mwc,427,,,1.13,us,usp000a7m5,2022-04-29T19:04:33.753Z,"28 km SSW of Puerto El Triunfo, El Salvador",earthquake,,,,,reviewed,us,hrv
2001-01-01T06:57:04.170Z,6.898,126.579,33,7.5,mwc,324,,,1.06,us,usp000a70h,2022-04-29T19:03:22.544Z,"21 km SE of Lukatan, Philippines",earthquake,,,,,reviewed,us,hrv
2000-11-17T21:01:56.490Z,-5.496,151.781,33,7.8,mwc,346,,,1.07,us,usp000a45f,2022-04-29T18:58:50.243Z,"138 km SSW of Kokopo, Papua New Guinea",earthquake,,,,,reviewed,us,hrv
2000-11-16T07:42:16.930Z,-5.233,153.102,30,7.8,mwc,294,,,1.31,us,usp000a3sp,2022-04-29T19:16:32.829Z,"135 km SE of Kokopo, Papua New Guinea",earthquake,,,,,reviewed,us,hrv
2000-11-16T04:54:56.740Z,-3.98,152.169,33,8,mwc,254,,,1.2,us,usp000a3qq,2022-04-29T19:26:13.204Z,"24 km N of Rabaul, Papua New Guinea",earthquake,,,,,reviewed,us,hrv
2000-05-04T04:21:16.210Z,-1.105,123.573,26,7.6,mwc,,,,1.14,us,usp0009sbh,2022-04-29T19:16:21.382Z,"89 km E of Luwuk, Indonesia",earthquake,,,,,reviewed,us,hrv
2000-03-28T11:00:22.510Z,22.338,143.73,126.5,7.6,mwc,,,,1.22,us,usp0009qb4,2022-04-29T18:35:42.761Z,"Volcano Islands, Japan region",earthquake,,,,,reviewed,us,hrv
1999-11-26T13:21:15.570Z,-16.423,168.214,33,7.5,mwc,,,,1.2,us,usp0009j4n,2022-04-29T18:12:31.498Z,"92 km ESE of Lakatoro, Vanuatu",earthquake,,,,,reviewed,us,hrv
1998-11-29T14:10:31.960Z,-2.071,124.891,33,7.7,mwc,,,,1.23,us,usp0008yx2,2022-04-29T17:57:10.656Z,"264 km ESE of Luwuk, Indonesia",earthquake,,,,,reviewed,us,hrv
1998-05-03T23:30:21.910Z,22.306,125.308,33,7.5,mwb,,,,0.99,us,usp0008mdk,2022-04-29T17:25:58.593Z,"254 km SSE of Ishigaki, Japan",earthquake,,,,,reviewed,us,us
1998-01-04T06:11:58.970Z,-22.301,170.911,100.6,7.5,mwc,,,,0.88,us,usp0008dqq,2022-04-29T17:15:05.140Z,"southeast of the Loyalty Islands",earthquake,,,,,reviewed,us,hrv
1997-10-14T09:53:18.150Z,-22.101,-176.772,167.3,7.8,mwb,,,,0.93,us,usp000890q,2022-04-29T17:04:56.379Z,"192 km WSW of Haveluloto, Tonga",earthquake,,,,,reviewed,us,us
1997-04-21T12:02:26.430Z,-12.584,166.676,33,7.7,mwc,,,,0.93,us,usp00080wt,2022-04-29T16:50:31.202Z,"171 km NNW of Sola, Vanuatu",earthquake,,,,,reviewed,us,hrv
1996-11-12T16:59:44.030Z,-14.993,-75.675,33,7.7,mwc,,,,1.11,us,usp0007swp,2022-04-29T20:39:17.369Z,"60 km SW of Changuillo, Peru",earthquake,,,,,reviewed,us,hrv
1996-06-17T11:22:18.540Z,-7.137,122.589,587.3,7.9,mwc,,,,1.2,us,usp0007jw8,2022-04-29T20:22:28.107Z,"169 km NNE of Maumere, Indonesia",earthquake,,,,,reviewed,us,hrv
1996-06-10T04:03:35.480Z,51.564,-177.632,33,7.9,mwc,,,,0.9,us,usp0007jcu,2022-04-29T20:21:13.313Z,"77 km WSW of Adak, Alaska",earthquake,,,,,reviewed,us,hrv
1996-02-21T12:51:01.300Z,-9.593,-79.587,10,7.5,mw,,,,1.2,us,usp0007dmb,2022-04-29T20:11:20.009Z,"123 km WSW of Puerto Santa, Peru",earthquake,,,,,reviewed,us,hrv
1996-02-17T05:59:30.550Z,-0.891,136.952,33,8.09,mww,,,,,official,official19960217055930550_33,2022-04-29T20:09:13.696Z,"101 km ENE of Biak, Indonesia",earthquake,,,,,reviewed,us,duputel
1995-12-03T18:01:08.990Z,44.663,149.3,33,7.9,mw,,,,1.1,us,usp000782n,2022-04-29T19:48:23.748Z,"128 km ESE of Kuril’sk, Russia",earthquake,,,,,reviewed,us,hrv
1995-08-16T10:27:28.630Z,-5.799,154.178,30.1,7.7,mw,,,,1.3,us,usp00071w4,2022-04-29T19:58:30.281Z,"155 km WNW of Panguna, Papua New Guinea",earthquake,,,,,reviewed,us,hrv
1994-12-28T12:19:23.030Z,40.525,143.419,26.5,7.8,mw,,,,1.1,us,usp0006qh3,2022-04-28T17:19:03.747Z,"off the east coast of Honshu, Japan",earthquake,,,,,reviewed,us,hrv
1994-10-04T13:22:55.840Z,43.773,147.321,14,8.3,mw,,,,0.9,us,usp0006kdp,2022-04-28T17:22:14.274Z,"48 km E of Shikotan, Russia",earthquake,,4.7,,,reviewed,us,hrv
1994-03-09T23:28:06.780Z,-18.039,-178.413,562.5,7.6,mw,,,,1,us,usp00069fm,2022-04-28T17:47:35.598Z,"240 km E of Levuka, Fiji",earthquake,,,,,reviewed,us,hrv
1993-08-08T08:34:24.930Z,12.982,144.801,59.3,7.8,mw,,,,1.1,us,usp0005y3k,2023-04-25T21:22:59.531Z,"32 km S of Inarajan Village, Guam",earthquake,,,,,reviewed,us,hrv
1993-07-12T13:17:11.960Z,42.851,139.197,16.7,7.7,mw,,,,1,us,usp0005w12,2022-04-28T18:06:42.334Z,"107 km W of Iwanai, Japan",earthquake,,,,,reviewed,us,hrv
1993-06-08T13:03:36.480Z,51.218,157.829,70.6,7.5,mw,,,,1,us,usp0005u7b,2022-04-28T18:08:28.609Z,"97 km ESE of Ozernovskiy, Russia",earthquake,,,,,reviewed,us,hrv
1993-01-15T11:06:05.950Z,43.3,143.691,102.2,7.6,mw,,,,1.5,us,usp0005ktj,2022-04-28T18:22:39.390Z,"52 km NE of Otofuke, Japan",earthquake,,,,,reviewed,us,hrv
1992-09-02T00:16:01.690Z,11.742,-87.34,44.8,7.7,mw,,,,1.3,us,usp0005ddn,2022-04-28T18:34:44.810Z,"83 km SSW of Corinto, Nicaragua",earthquake,,,,,reviewed,us,hrv
1991-12-22T08:43:13.410Z,45.533,151.021,24.7,7.6,mw,,,,0.9,us,usp00050sq,2022-04-28T18:58:08.037Z,"248 km E of Kuril’sk, Russia",earthquake,,,,,reviewed,us,hrv
1991-06-20T05:18:52.510Z,1.196,122.787,31.4,7.5,mw,,,,1.2,us,usp0004t6g,2022-04-28T19:11:04.409Z,"79 km NNW of Gorontalo, Indonesia",earthquake,,,,,reviewed,us,hrv
1990-12-30T19:14:18.930Z,-5.097,150.967,178.6,7.5,mw,,,,1.2,us,usp0004k00,2022-04-28T19:32:53.354Z,"104 km ENE of Kimbe, Papua New Guinea",earthquake,,,,,reviewed,us,hrv
1990-04-18T13:39:19.010Z,1.186,122.857,25.7,7.8,mw,,,,1.2,us,usp000482z,2022-04-28T19:52:05.247Z,"75 km NNW of Gorontalo, Indonesia",earthquake,,,,,reviewed,us,par
1990-04-05T21:12:35.550Z,15.125,147.596,11.4,7.6,mw,,,,1.2,us,usp00047gj,2022-04-28T19:51:12.196Z,"198 km E of Saipan, Northern Mariana Islands",earthquake,,,,,reviewed,us,par
1990-03-03T12:16:27.960Z,-22.122,175.163,33.2,7.6,mw,,,,1.3,us,usp000464d,2022-04-28T19:54:06.232Z,"south of the Fiji Islands",earthquake,,,,,reviewed,us,hrv
1989-12-15T18:43:45.030Z,8.337,126.729,24.4,7.6,mw,,,,1.4,us,usp000433j,2022-04-28T20:04:19.072Z,"37 km ENE of Barcelona, Philippines",earthquake,,,,,reviewed,us,hrv
1988-08-10T04:38:26.170Z,-10.366,160.819,34,7.6,mw,,,,1.5,us,usp0003jtm,2022-04-28T17:27:12.624Z,"121 km W of Kirakira, Solomon Islands",earthquake,,,,,reviewed,us,hrv
1988-03-06T22:35:38.140Z,56.953,-143.032,10,7.8,mw,,,,,us,usp0003dnb,2022-04-28T20:51:18.629Z,"Gulf of Alaska",earthquake,,,,,reviewed,ags,hrv
1987-11-30T19:23:19.590Z,58.679,-142.786,10,7.9,mw,,,,,us,usp0003aq8,2022-04-27T21:31:15.684Z,"200 km WSW of Yakutat, Alaska",earthquake,,,,,reviewed,spe,hrv
1986-08-14T19:39:13.670Z,1.795,126.519,33,7.5,mw,,,,1.4,us,usp0002x57,2022-04-27T22:07:11.244Z,"146 km NW of Ternate, Indonesia",earthquake,,,,,reviewed,us,hrv
1986-05-07T22:47:10.870Z,51.52,-174.776,33,8,mw,,,,1.1,us,usp0002tmu,2022-04-27T22:16:16.304Z,"85 km SSW of Atka, Alaska",earthquake,,,,,reviewed,us,hrv
1984-11-20T08:15:16.230Z,5.167,125.124,202.2,7.5,mw,,,,1.3,us,usp000297p,2022-04-27T23:08:14.899Z,"45 km SW of Sarangani, Philippines",earthquake,,2.6,,,reviewed,us,hrv
1984-02-07T21:33:21.490Z,-10.012,160.469,18.1,7.6,mw,,,,1.4,us,usp00021u7,2022-04-27T23:34:22.015Z,"85 km SE of Honiara, Solomon Islands",earthquake,,,,,reviewed,us,hrv
1983-03-18T09:05:50.000Z,-4.883,153.581,88.8,7.6,ms,,,,1.3,us,usp0001tr1,2022-04-28T00:10:18.946Z,"157 km ESE of Kokopo, Papua New Guinea",earthquake,,3,,9,reviewed,us,us
1981-09-01T09:29:31.540Z,-14.96,-173.085,25,7.7,ms,,,,1.2,us,usp0001fkx,2022-04-28T00:52:27.144Z,"133 km NE of Hihifo, Tonga",earthquake,,,,13,reviewed,us,us
1980-07-17T19:42:23.200Z,-12.525,165.916,33,7.9,ms,,,,,us,usp00018y0,2022-04-28T01:33:04.950Z,"199 km S of Lata, Solomon Islands",earthquake,,,,,reviewed,us,us
1980-07-08T23:19:19.800Z,-12.41,166.381,33,7.5,ms,,,,,us,usp00018r3,2022-04-28T01:31:52.392Z,"196 km SSE of Lata, Solomon Islands",earthquake,,,,,reviewed,us,us
1979-12-12T07:59:03.300Z,1.598,-79.358,24,7.7,ms,,,,,us,usp00014ey,2022-04-27T14:45:11.537Z,"",earthquake,,,,,reviewed,us,us
1978-06-12T08:14:26.400Z,38.19,142.028,44,7.7,ms,,,,,us,usp0000v0f,2022-04-27T15:35:52.670Z,"68 km ESE of Ishinomaki, Japan",earthquake,,,,,reviewed,us,us
1978-03-24T19:47:50.700Z,44.244,148.862,33,7.6,ms,,,,,us,usp0000tmy,2022-04-27T15:52:09.988Z,"134 km SE of Kuril’sk, Russia",earthquake,,,,,reviewed,us,us
1978-03-23T03:15:20.300Z,44.932,148.439,33,7.5,ms,,,,,us,usp0000tjh,2022-04-27T15:51:17.730Z,"55 km SE of Kuril’sk, Russia",earthquake,,,,,reviewed,us,us
1977-04-21T04:24:09.600Z,-9.965,160.731,33,7.5,ms,,,,,us,usp0000nh4,2022-04-27T16:30:14.307Z,"103 km SE of Honiara, Solomon Islands",earthquake,,,,,reviewed,us,us
1977-04-20T23:42:50.500Z,-9.89,160.348,19,7.5,ms,,,,,us,usp0000ngg,2022-04-27T16:29:48.927Z,"66 km SE of Honiara, Solomon Islands",earthquake,,,,,reviewed,us,us
1977-04-02T07:15:22.700Z,-16.696,-172.095,33,7.6,ms,,,,,us,usp0000n82,2022-04-27T16:28:06.416Z,"199 km ESE of Hihifo, Tonga",earthquake,,,,,reviewed,us,us
1976-08-16T16:11:07.300Z,6.262,124.023,33,7.9,ms,,,,,us,usp0000hvb,2022-04-27T16:55:09.602Z,"19 km WNW of Palimbang, Philippines",earthquake,,,,,reviewed,us,us
1975-12-26T15:56:38.700Z,-16.264,-172.467,33,7.8,ms,,,,,us,usp0000e2t,2022-04-27T17:25:56.402Z,"146 km ESE of Hihifo, Tonga",earthquake,,,,,reviewed,us,us
1975-11-29T14:47:40.100Z,19.333,-155.0015,8.636,7.7,mw,31,205,,0.09,hv,hv19755025,2022-04-27T17:29:04.164Z,"17 km SSW of Leilani Estates, Hawaii",earthquake,1.03,0.51,,0,reviewed,hv,hv
1975-07-20T19:54:27.700Z,-7.104,155.152,44,7.7,ms,,,,,us,usp0000c2s,2022-04-27T17:38:20.414Z,"94 km SSW of Panguna, Papua New Guinea",earthquake,,,,,reviewed,us,us
1975-07-20T14:37:39.900Z,-6.59,155.054,49,7.9,ms,,,,,us,usp0000c24,2022-04-27T17:38:17.187Z,"56 km WSW of Panguna, Papua New Guinea",earthquake,,,,,reviewed,us,us
1975-02-02T08:43:39.100Z,53.113,173.497,10,7.6,ms,,,,,us,usp00009ry,2022-04-27T17:52:16.370Z,"36 km NE of Attu Station, Alaska",earthquake,,,,,reviewed,us,us
1974-10-03T14:21:29.100Z,-12.265,-77.795,13,7.6,ms,,,,,us,usp0000888,2022-04-27T18:03:32.760Z,"77 km WSW of Callao, Peru",earthquake,,,,,reviewed,us,us
1973-12-28T13:41:45.800Z,-14.464,166.601,26,7.5,ms,,,,,us,usp00004p9,2022-04-27T18:34:08.158Z,"81 km NW of Port-Olry, Vanuatu",earthquake,,,,,reviewed,us,us
1973-06-17T03:55:02.900Z,43.233,145.785,48,7.7,ms,,,,,us,usp0000270,2022-04-27T18:48:40.832Z,"19 km ESE of Nemuro, Japan",earthquake,,,,,reviewed,us,us
1972-12-02T00:19:52.560Z,6.405,126.64,60,8,mw,,,,,iscgem,iscgem765501,2022-04-26T20:31:10.009Z,"51 km E of Pondaguitan, Philippines",earthquake,,4.8,0.3,,reviewed,iscgem,iscgem
1972-08-17T23:44:09.360Z,-6.05,152.932,20,7.5,mw,,,,,iscgem,iscgem770672,2022-04-26T20:45:25.140Z,"202 km SSE of Kokopo, Papua New Guinea",earthquake,,7.9,0.3,,reviewed,iscgem,iscgem
1972-07-30T21:45:17.520Z,56.724,-135.853,25,7.6,mw,,,,,iscgem,iscgem772060,2022-04-26T20:47:40.224Z,"Southeastern Alaska",earthquake,,3.8,0.3,,reviewed,iscgem,iscgem
1972-06-11T16:41:04.650Z,3.752,124.221,330.8,7.72,mw,,,,,iscgem,iscgem772416,2022-04-26T20:48:29.750Z,"228 km SW of Sarangani, Philippines",earthquake,,5.4,0.1,,reviewed,iscgem,iscgem
1971-12-15T08:29:57.020Z,55.959,163.269,27.5,7.62,mw,,,,,iscgem,iscgem777750,2022-04-26T20:59:24.103Z,"off the east coast of the Kamchatka Peninsula, Russia",earthquake,,3.9,0.4,,reviewed,iscgem,iscgem
1971-07-26T01:23:22.790Z,-4.817,153.172,40,8.1,mw,,,,,iscgem,iscgem782684,2022-04-26T21:12:33.159Z,"113 km ESE of Kokopo, Papua New Guinea",earthquake,,6.3,0.3,,reviewed,iscgem,iscgem
1971-07-14T06:11:30.570Z,-5.524,153.85,40,8,mw,,,,,iscgem,iscgem782181,2022-04-26T21:10:32.496Z,"201 km WNW of Panguna, Papua New Guinea",earthquake,,46.8,0.3,,reviewed,iscgem,iscgem
1970-05-31T20:23:29.780Z,-9.183,-78.737,45,7.9,mw,,,,,iscgem,iscgem796163,2022-04-26T21:41:16.599Z,"20 km WSW of Chimbote, Peru",earthquake,,4.9,0.3,,reviewed,iscgem,iscgem
1969-08-11T21:27:36.700Z,43.416,147.814,28.6,8.2,mw,,,,,iscgem,iscgem805430,2022-04-26T21:59:33.447Z,"97 km ESE of Shikotan, Russia",earthquake,,4.6,0.3,,reviewed,iscgem,iscgem
1969-01-30T10:29:41.930Z,4.569,127.306,60,7.6,mw,,,,,iscgem,iscgem813688,2022-04-26T22:14:03.690Z,"224 km ESE of Sarangani, Philippines",earthquake,,4.9,0.3,,reviewed,iscgem,iscgem
1968-08-10T02:07:06.390Z,1.514,126.234,23,7.61,mw,,,,,iscgem,iscgem817844,2022-04-26T22:23:41.596Z,"140 km E of Laikit, Laikit II (Dimembe), Indonesia",earthquake,,3.9,0.38,,reviewed,iscgem,iscgem
1968-05-16T10:39:02.530Z,41.508,142.888,25,7.9,mw,,,,,iscgem,iscgem822083,2022-04-26T22:32:21.054Z,"101 km SSE of Shizunai-furukawach?, Japan",earthquake,,4,0.35,,reviewed,iscgem,iscgem
1968-05-16T00:49:02.070Z,40.86,143.435,29.9,8.2,mw,,,,,iscgem,iscgem821946,2022-04-26T22:32:14.789Z,"168 km ENE of Hachinohe, Japan",earthquake,,12.2,0.3,,reviewed,iscgem,iscgem
1968-04-01T00:42:07.090Z,32.449,132.269,34.2,7.5,mw,,,,,iscgem,iscgem823387,2022-04-26T22:34:30.268Z,"58 km ESE of Nobeoka, Japan",earthquake,,4.5,0.2,,reviewed,iscgem,iscgem
1966-12-31T18:23:09.430Z,-12.091,166.552,55,7.8,mw,,,,,iscgem,iscgem841173,2022-04-26T23:05:57.465Z,"172 km SSE of Lata, Solomon Islands",earthquake,,5.4,0.4,,reviewed,iscgem,iscgem
1966-10-17T21:42:00.480Z,-10.665,-78.228,40,8.1,mw,,,,,iscgem,iscgem842581,2022-04-26T23:08:50.742Z,"43 km W of Paramonga, Peru",earthquake,,4.7,0.3,,reviewed,iscgem,iscgem
1966-03-12T16:31:20.980Z,24.122,122.583,30,7.5,mw,,,,,iscgem,iscgem849160,2022-04-26T23:23:33.649Z,"57 km SW of Yonakuni, Japan",earthquake,,4.5,0.2,,reviewed,iscgem,iscgem
1965-08-11T22:31:51.450Z,-15.861,167.092,30,7.6,mw,,,,,iscgem,iscgem854473,2022-04-26T23:35:51.317Z,"38 km SSW of Luganville, Vanuatu",earthquake,,4.7,0.3,,reviewed,iscgem,iscgem
1965-07-02T20:58:40.260Z,52.99,-167.739,45,7.8,mw,,,,,iscgem,iscgem855112,2022-04-26T23:36:35.438Z,"",earthquake,,5.1,0.4,,reviewed,iscgem,iscgem
1965-05-20T00:40:26.460Z,-14.805,167.495,120,7.7,mw,,,,,iscgem,iscgem857011,2022-04-26T23:40:08.128Z,"52 km ENE of Port-Olry, Vanuatu",earthquake,,13.1,0.4,,reviewed,iscgem,iscgem
1965-03-30T02:27:06.650Z,50.282,177.959,20,7.6,mw,,,,,iscgem,iscgem858982,2022-04-26T23:43:31.906Z,"Rat Islands, Aleutian Islands, Alaska",earthquake,,25,0.3,,reviewed,iscgem,iscgem
1965-02-04T05:01:22.000Z,51.251,178.715,30.3,8.7,mw,,,,,official,official19650204050122_30,2022-04-26T23:43:52.172Z,"Rat Islands, Aleutian Islands, Alaska",earthquake,,,,,automatic,iscgem,official
1965-01-24T00:11:17.260Z,-2.608,125.952,20,8.2,mw,,,,,iscgem,iscgem861299,2022-04-26T23:50:01.288Z,"275 km WNW of Ambon, Indonesia",earthquake,,17.6,0.3,,reviewed,iscgem,iscgem
1964-06-16T04:01:43.570Z,38.399,139.29,15,7.6,mw,,,,,iscgem,iscgem866844,2022-04-27T00:04:18.592Z,"24 km NW of Murakami, Japan",earthquake,,3.5,0.3,,reviewed,iscgem,iscgem
1963-11-04T01:17:13.900Z,-6.957,129.605,110,8.1,mw,,,,,iscgem,iscgem17294492,2022-04-26T20:30:47.975Z,"Banda Sea",earthquake,,8.9,0.2,,reviewed,iscgem,iscgem
1963-10-20T00:53:12.210Z,44.726,150.547,28.2,7.8,mw,,,,,iscgem,iscgem873349,2022-04-27T00:28:20.286Z,"217 km ESE of Kuril’sk, Russia",earthquake,,3.9,0.3,,reviewed,iscgem,iscgem
1963-10-13T05:17:59.000Z,44.872,149.483,35,8.5,mw,,,,,official,official19631013051759_30,2022-04-27T00:27:54.334Z,"132 km ESE of Kuril’sk, Russia",earthquake,,,,,reviewed,iscgem,official
1963-03-16T08:44:50.910Z,46.636,154.783,15,7.65,mw,,,,,iscgem,iscgem871982,2022-04-27T00:19:04.075Z,"east of the Kuril Islands",earthquake,,3.6,0.3,,reviewed,iscgem,iscgem
1961-02-26T18:10:52.290Z,31.739,131.475,35,7.54,mw,,,,,iscgem,iscgem876175,2022-04-26T16:17:15.830Z,"18 km NNE of Nichinan, Japan",earthquake,,4.8,0.52,,reviewed,iscgem,iscgem
1960-11-20T22:01:57.160Z,-6.775,-80.918,15,7.6,mw,,,,,iscgem,iscgem880820,2022-04-26T16:38:05.437Z,"103 km WSW of Mórrope, Peru",earthquake,,25,0.3,,reviewed,iscgem,iscgem
1960-03-20T17:07:31.660Z,39.869,143.228,15,7.95,mw,,,,,iscgem,iscgem878564,2022-04-26T16:27:58.687Z,"113 km ENE of Miyako, Japan",earthquake,,3.6,0.43,,reviewed,iscgem,iscgem
1958-11-06T22:58:09.000Z,44.479,148.485,35,8.3,mw,,,,,official,official19581106225809_30,2022-04-26T17:04:42.108Z,"95 km SSE of Kuril’sk, Russia",earthquake,,,,,automatic,iscgem,official
1958-07-10T06:15:58.530Z,58.23,-136.712,10,7.8,mw,,,,,iscgem,iscgem884702,2022-04-26T16:59:47.883Z,"22 km W of Elfin Cove, Alaska",earthquake,,25,0.3,,reviewed,iscgem,iscgem
1957-12-17T13:50:22.120Z,-12.418,166.684,123.6,7.8,mw,,,,,iscgem,iscgem887702,2022-04-26T17:20:42.109Z,"186 km NNW of Sola, Vanuatu",earthquake,,5.4,0.4,,reviewed,iscgem,iscgem
1957-03-09T14:22:33.000Z,51.499,-175.626,25,8.6,mw,,,,,official,official19570309142233_30,2022-04-26T17:08:54.209Z,"81 km ESE of Adak, Alaska",earthquake,,,,,automatic,iscgem,official
1956-05-23T20:48:32.710Z,-15.434,-178.803,419.1,7.6,mw,,,,,iscgem,iscgem888284,2022-04-26T17:24:11.673Z,"144 km SSW of Leava, Wallis and Futuna",earthquake,,6.2,0.2,,reviewed,iscgem,iscgem
1953-11-25T17:48:55.090Z,34.006,141.625,25,7.9,mw,,,,,iscgem,iscgem892187,2022-04-26T17:57:52.153Z,"174 km SE of Katsuura, Japan",earthquake,,4,0.4,,reviewed,iscgem,iscgem
1952-11-04T16:58:30.000Z,52.623,159.779,21.6,9,mw,,,,,official,official19521104165830_30,2022-04-26T18:08:51.365Z,"89 km ESE of Petropavlovsk-Kamchatsky, Russia",earthquake,,,,,automatic,iscgem,official
1952-03-04T01:22:49.230Z,42.084,143.899,45,8.1,mw,,,,,iscgem,iscgem892540,2022-04-26T18:00:40.789Z,"106 km SSW of Kushiro, Japan",earthquake,,5.2,0.3,,reviewed,iscgem,iscgem
1950-12-14T01:52:54.230Z,-19.705,-175.874,215.9,7.8,mw,,,,,iscgem,iscgem896185,2022-04-26T18:33:22.156Z,"159 km W of Pangai, Tonga",earthquake,,6,0.4,,reviewed,iscgem,iscgem
1950-12-02T19:51:51.640Z,-18.373,167.654,30,7.9,mw,,,,,iscgem,iscgem896121,2022-04-26T18:33:05.397Z,"99 km SW of Port-Vila, Vanuatu",earthquake,,4.6,0.4,,reviewed,iscgem,iscgem
1950-11-02T15:28:15.510Z,-6.823,129.183,199.7,7.7,mw,,,,,iscgem,iscgem896018,2022-04-26T18:32:04.401Z,"Banda Sea",earthquake,,6,0.4,,reviewed,iscgem,iscgem
1950-02-28T10:21:00.700Z,45.882,143.491,329,7.7,mw,,,,,iscgem,iscgem895264,2022-04-26T18:24:10.550Z,"100 km SSE of Korsakov, Russia",earthquake,,5.3,0.2,,reviewed,iscgem,iscgem
1948-09-08T15:09:14.220Z,-21.222,-173.891,15,7.5,mw,,,,,iscgem,iscgem897539,2022-04-26T18:44:46.963Z,"110 km E of ‘Ohonua, Tonga",earthquake,,4.5,0.4,,reviewed,iscgem,iscgem
1947-05-27T05:58:57.740Z,-1.868,135.017,15,7.6,mw,,,,,iscgem,iscgem897871,2022-04-26T18:48:52.487Z,"138 km SW of Insrom, Indonesia",earthquake,,25,0.4,,reviewed,iscgem,iscgem
1946-12-20T19:19:10.650Z,33.123,135.905,15,8.3,mw,,,,,iscgem,iscgem898698,2022-04-26T18:58:40.211Z,"68 km S of Shing?, Japan",earthquake,,3.8,0.3,,reviewed,iscgem,iscgem
1946-09-29T03:02:06.500Z,-5.204,153.34,50,7.68,mw,,,,,iscgem,iscgem898610,2022-04-26T18:57:33.719Z,"152 km SE of Kokopo, Papua New Guinea",earthquake,,5.4,0.36,,reviewed,iscgem,iscgem
1946-04-01T12:29:01.000Z,53.492,-162.832,15,8.6,mw,,,,,official,official19460401122901_30,2022-04-26T18:54:27.259Z,"1946 Aleutian Islands (Unimak Island) Earthquake, Alaska",earthquake,,,,,automatic,iscgem,official
1944-12-07T04:35:45.790Z,33.73,136.2,15,8.1,mw,,,,,iscgem,iscgem899647,2022-04-26T19:09:06.671Z,"20 km E of Shing?, Japan",earthquake,,3.9,0.3,,reviewed,iscgem,iscgem
1944-04-27T14:38:12.380Z,-0.901,134.028,15,7.6,mw,,,,,iscgem,iscgem899365,2022-04-26T19:06:15.296Z,"5 km SW of Manokwari, Indonesia",earthquake,,4.6,0.4,,reviewed,iscgem,iscgem
1943-11-06T08:31:40.420Z,-5.546,134.085,15,7.65,mw,,,,,iscgem,iscgem900076,2022-04-26T19:14:29.518Z,"147 km E of Tual, Indonesia",earthquake,,5.9,0.38,,reviewed,iscgem,iscgem
1943-07-29T03:02:17.210Z,18.907,-67.118,15,7.7,mw,,,,,iscgem,iscgem899944,2022-04-26T19:12:42.113Z,"45 km N of San Antonio, Puerto Rico",earthquake,,3.9,0.3,,reviewed,iscgem,iscgem
1943-05-25T23:07:39.280Z,7.371,127.277,15,7.76,mw,,,,,iscgem,iscgem899851,2022-04-26T19:11:19.784Z,"77 km E of Baculin, Philippines",earthquake,,11.8,0.2,,reviewed,iscgem,iscgem
1941-11-18T16:46:32.400Z,32.129,131.944,35,8.02,mw,,,,,iscgem,iscgem901083,2022-04-26T19:31:42.432Z,"41 km E of Takanabe, Japan",earthquake,,7.8,0.58,,reviewed,iscgem,iscgem
1940-12-28T16:37:44.790Z,18.204,147.462,15,7.7,mw,,,,,iscgem,iscgem901750,2022-04-26T19:40:53.783Z,"Mariana Islands region",earthquake,,5.1,0.2,,reviewed,iscgem,iscgem
1940-08-01T15:08:24.920Z,44.561,139.678,15,7.5,mw,,,,,iscgem,iscgem901515,2022-04-26T19:36:20.303Z,"137 km WSW of Rishiri Town, Japan",earthquake,,3.6,0.3,,reviewed,iscgem,iscgem
1940-01-17T01:14:56.420Z,17.139,148.059,15,7.5,mw,,,,,iscgem,iscgem901160,2022-04-26T19:33:21.961Z,"Mariana Islands region",earthquake,,3.6,0.2,,reviewed,iscgem,iscgem
1939-12-21T20:54:52.930Z,9.99,-84.412,25,7.59,mw,,,,,iscgem,iscgem902274,2022-04-25T20:51:00.330Z,"4 km WNW of Atenas, Costa Rica",earthquake,,32.4,0.53,,reviewed,iscgem,iscgem
1939-04-30T02:55:30.650Z,-9.881,159.829,15,7.83,mw,,,,,iscgem,iscgem901916,2022-04-25T20:45:29.195Z,"23 km SSE of Malango, Solomon Islands",earthquake,,12.6,0.3,,reviewed,iscgem,iscgem
1939-01-30T02:18:30.410Z,-7.086,155.388,35,7.82,mw,,,,,iscgem,iscgem901797,2022-04-25T20:42:55.192Z,"85 km S of Panguna, Papua New Guinea",earthquake,,29,0.23,,reviewed,iscgem,iscgem
1938-11-10T20:18:49.000Z,55.178,-158.181,35,8.23,mw,,,,,official,official19381110201849000_35,2022-04-25T21:01:10.765Z,"Alaska Peninsula",earthquake,,,,,reviewed,iscgem,official
1938-11-06T21:38:47.220Z,37.009,142.485,25,7.6,mw,,,,,iscgem,iscgem902752,2022-04-25T21:00:39.900Z,"141 km ESE of Namie, Japan",earthquake,,12.7,0.3,,reviewed,iscgem,iscgem
1938-11-06T08:53:55.300Z,37.382,142.305,30,7.7,mw,,,,,iscgem,iscgem902745,2022-04-25T21:00:35.008Z,"116 km E of Namie, Japan",earthquake,,12.7,0.3,,reviewed,iscgem,iscgem
1938-11-05T10:50:18.100Z,37.147,142.241,35,7.7,mw,,,,,iscgem,iscgem902741,2022-04-25T21:00:28.483Z,"116 km ESE of Namie, Japan",earthquake,,13.3,0.3,,reviewed,iscgem,iscgem
1938-11-05T08:43:24.230Z,36.971,142.065,35,7.8,mw,,,,,iscgem,iscgem902740,2022-04-25T21:00:27.142Z,"105 km E of Iwaki, Japan",earthquake,,3.8,0.3,,reviewed,iscgem,iscgem
1938-06-16T02:15:18.540Z,27.659,129.476,20,7.6,mw,,,,,iscgem,iscgem902539,2022-04-25T20:55:17.139Z,"78 km S of Naze, Japan",earthquake,,8.8,0.53,,reviewed,iscgem,iscgem
1938-06-10T09:53:43.600Z,25.125,125.308,20,7.66,mw,,,,,iscgem,iscgem902525,2022-04-25T20:55:04.419Z,"35 km N of Hirara, Japan",earthquake,,4.6,0.34,,reviewed,iscgem,iscgem
1938-05-23T07:18:30.500Z,36.534,141.459,15,7.7,mw,,,,,iscgem,iscgem902498,2022-04-25T20:54:40.083Z,"69 km ESE of Kitaibaraki, Japan",earthquake,,7.7,0.3,,reviewed,iscgem,iscgem
1938-02-01T19:04:22.000Z,-5.045,131.614,25,8.5,mw,,,,,official,official19380201190422_30,2022-04-25T20:52:42.236Z,"141 km WNW of Tual, Indonesia",earthquake,,,,,automatic,iscgem,official
1936-04-01T02:09:27.540Z,4.264,126.379,35,7.75,mw,,,,,iscgem,iscgem903538,2022-04-25T21:21:22.654Z,"161 km SE of Sarangani, Philippines",earthquake,,6.7,0.32,,reviewed,iscgem,iscgem
1934-07-18T19:40:20.150Z,-11.818,166.413,10,7.7,mw,,,,,iscgem,iscgem905046,2022-04-25T21:46:16.829Z,"138 km SSE of Lata, Solomon Islands",earthquake,,3.9,0.4,,reviewed,iscgem,iscgem
1934-07-18T01:36:31.380Z,7.853,-82.513,30,7.5,mw,,,,,iscgem,iscgem905037,2022-04-25T21:46:03.240Z,"44 km ESE of Burica, Panama",earthquake,,14.4,0.4,,reviewed,iscgem,iscgem
1934-02-24T06:23:48.560Z,23.105,144.009,35,7.5,mw,,,,,iscgem,iscgem904813,2022-04-25T21:42:49.790Z,"Volcano Islands, Japan region",earthquake,,13.6,0.2,,reviewed,iscgem,iscgem
1933-03-02T17:31:00.000Z,39.209,144.59,15,8.4,mw,,,,,official,official19330302173100_30,2022-04-25T21:51:57.876Z,"1933 Sanriku (Sanriku-oki) Earthquake, Japan",earthquake,,,,,automatic,iscgem,official
1932-05-14T13:11:03.840Z,0.386,125.884,15,7.7,mw,,,,,iscgem,iscgem906146,2022-04-25T22:04:12.558Z,"148 km SE of Tondano, Indonesia",earthquake,,5.2,0.4,,reviewed,iscgem,iscgem
1931-11-02T10:03:04.230Z,31.884,132.043,35,7.93,mw,,,,,iscgem,iscgem907108,2022-04-25T22:23:52.223Z,"58 km ESE of Takanabe, Japan",earthquake,,7.8,0.33,,reviewed,iscgem,iscgem
1931-10-10T00:19:57.860Z,-9.734,161.151,15,7.84,mw,,,,,iscgem,iscgem907065,2022-04-25T22:23:00.902Z,"116 km NW of Kirakira, Solomon Islands",earthquake,,37.8,0.56,,reviewed,iscgem,iscgem
1931-10-03T19:13:21.880Z,-11.118,161.195,15,7.83,mw,,,,,iscgem,iscgem907054,2022-04-25T22:22:50.930Z,"108 km SW of Kirakira, Solomon Islands",earthquake,,25.4,0.53,,reviewed,iscgem,iscgem
1931-03-09T03:49:00.210Z,40.591,142.422,35,7.92,mw,,,,,iscgem,iscgem906664,2022-04-25T22:14:33.875Z,"78 km E of Hachinohe, Japan",earthquake,,11.5,0.54,,reviewed,iscgem,iscgem
1929-12-17T10:58:41.810Z,53.439,172.202,20,7.86,mw,,,,,iscgem,iscgem908419,2022-04-25T22:46:54.130Z,"93 km NW of Attu Station, Alaska",earthquake,,6.8,0.35,,reviewed,iscgem,iscgem
1929-03-07T01:34:42.430Z,50.906,-169.786,15,7.8,mw,,,,,iscgem,iscgem907930,2022-04-25T22:37:17.851Z,"234 km SSW of Nikolski, Alaska",earthquake,,3.8,0.4,,reviewed,iscgem,iscgem
1928-03-16T05:01:05.850Z,-22.36,170.395,10,7.56,mw,,,,,iscgem,iscgem908538,2022-05-09T22:48:53.988Z,"274 km ESE of Tadine, New Caledonia",earthquake,,13.2,0.37,,reviewed,iscgem,iscgem
1924-04-14T16:20:37.490Z,6.625,126.167,15,8.12,mw,,,,,iscgem,iscgem910911,2022-04-25T23:30:34.272Z,"6 km E of Tibanbang, Philippines",earthquake,,51.3,0.66,,reviewed,iscgem,iscgem
1923-09-02T02:46:41.720Z,34.985,139.928,15,7.85,mw,,,,,iscgem,iscgem911591,2022-04-25T23:37:49.332Z,"5 km E of Tateyama, Japan",earthquake,,13.4,0.33,,reviewed,iscgem,iscgem
1923-09-01T02:58:35.270Z,35.274,139.344,15,7.96,mw,,,,,iscgem,iscgem911526,2022-04-25T21:14:02.327Z,"5 km SSE of ?iso, Japan",earthquake,,62,0.3,,reviewed,iscgem,iscgem
1920-09-20T14:39:03.400Z,-19.982,168.478,25,8.09,mw,,,,,iscgem,iscgem912618,2022-04-25T23:48:25.897Z,"97 km WSW of Isangel, Vanuatu",earthquake,,12.7,0.41,,reviewed,iscgem,iscgem
1919-05-06T19:41:13.010Z,-4.806,153.859,35,8.15,mw,,,,,iscgem,iscgem912783,2022-04-25T23:51:47.226Z,"183 km ESE of Kokopo, Papua New Guinea",earthquake,,11.5,0.64,,reviewed,iscgem,iscgem
1919-05-03T00:52:03.320Z,40.655,145.626,15,7.71,mw,,,,,iscgem,iscgem912777,2022-05-09T22:48:45.816Z,"277 km SSE of Kushiro, Japan",earthquake,,12.9,0.43,,reviewed,iscgem,iscgem
1919-04-30T07:17:16.970Z,-18.322,-172.442,25,8.1,mw,,,,,iscgem,iscgem912773,2022-04-25T23:51:36.229Z,"166 km ENE of Neiafu, Tonga",earthquake,,14.5,0.3,,reviewed,iscgem,iscgem
1919-01-01T03:00:34.460Z,-19.318,-178.08,485,7.8,mw,,,,,iscgem,iscgem912700,2022-04-25T23:50:38.192Z,"Fiji region",earthquake,,25,0.4,,reviewed,iscgem,iscgem
1918-11-08T04:38:09.680Z,44.83,151.993,15,7.83,mw,,,,,iscgem,iscgem913336,2022-04-25T23:57:19.152Z,"east of the Kuril Islands",earthquake,,7.1,0.3,,reviewed,iscgem,iscgem
1918-09-07T17:16:27.110Z,44.998,152.32,15,8.1,mw,,,,,iscgem,iscgem913260,2022-04-25T23:56:52.651Z,"east of the Kuril Islands",earthquake,,25,0.3,,reviewed,iscgem,iscgem
1918-08-15T12:18:24.830Z,5.538,123.994,20,8.3,mw,,,,,iscgem,iscgem913230,2022-04-25T23:56:13.515Z,"75 km SSW of Malisbeng, Philippines",earthquake,,25,0.4,,reviewed,iscgem,iscgem
1918-07-03T06:52:08.120Z,-3.094,143.573,15,7.58,mw,,,,,iscgem,iscgem913192,2022-04-25T23:55:54.435Z,"50 km N of Wewak, Papua New Guinea",earthquake,,5.6,0.2,,reviewed,iscgem,iscgem
1917-06-26T05:49:44.390Z,-14.996,-173.27,15,8,mw,,,,,iscgem,iscgem913548,2022-04-25T23:59:12.746Z,"120 km NNE of Hihifo, Tonga",earthquake,,17.6,0.3,,reviewed,iscgem,iscgem
1916-01-13T08:20:47.050Z,-3.076,135.676,25,7.66,mw,,,,,iscgem,iscgem913750,2022-04-26T00:01:30.565Z,"36 km NNE of Nabire, Indonesia",earthquake,,25,0.36,,reviewed,iscgem,iscgem
1916-01-01T13:20:48.920Z,-4.756,152.626,35,7.96,mw,,,,,iscgem,iscgem913746,2022-04-26T00:01:25.319Z,"60 km SE of Kokopo, Papua New Guinea",earthquake,,15.6,0.38,,reviewed,iscgem,iscgem
1915-11-01T07:23:53.600Z,38.66,143.004,30,7.6,mw,,,,,iscgem,iscgem913949,2022-05-09T22:48:38.023Z,"119 km SE of Kamaishi, Japan",earthquake,,13.3,0.69,,reviewed,iscgem,iscgem
1915-05-01T05:00:10.260Z,48.392,155,30,7.83,mw,,,,,iscgem,iscgem913898,2022-04-26T00:03:58.342Z,"266 km SSW of Severo-Kuril’sk, Russia",earthquake,,14.5,0.3,,reviewed,iscgem,iscgem
1914-05-26T14:22:46.630Z,-1.98,136.944,15,8.15,mw,,,,,iscgem,iscgem913984,2022-04-26T00:06:50.128Z,"130 km SE of Biak, Indonesia",earthquake,,25,0.47,,reviewed,iscgem,iscgem
1913-08-06T22:14:36.950Z,-16.534,-73.738,25,7.73,mw,,,,,iscgem,iscgem914088,2022-04-26T00:09:38.063Z,"37 km SSW of Atico, Peru",earthquake,,13.3,0.25,,reviewed,iscgem,iscgem
1913-06-26T04:57:18.290Z,-20.68,-173.808,25,7.79,mw,,,,,iscgem,iscgem914078,2022-04-26T00:09:16.499Z,"111 km SSE of Pangai, Tonga",earthquake,,10.9,0.39,,reviewed,iscgem,iscgem
1913-03-14T08:45:05.370Z,5.544,125.891,15,7.88,mw,,,,,iscgem,iscgem914043,2022-04-26T00:08:12.063Z,"47 km ESE of Kalbay, Philippines",earthquake,,14.7,0.33,,reviewed,iscgem,iscgem
1912-09-29T20:51:23.750Z,7.301,136.855,15,7.64,mw,,,,,iscgem,iscgem16958211,2022-04-25T20:34:18.739Z,"245 km E of Melekeok Village, Palau",earthquake,,16.8,0.53,,reviewed,iscgem,iscgem
1911-12-16T19:14:27.110Z,16.932,-100.665,30,7.51,mw,,,,,iscgem,iscgem16958175,2022-04-25T20:33:42.878Z,"25 km S of Tetitlán, Mexico",earthquake,,11.2,0.3,,reviewed,iscgem,iscgem
1911-08-16T22:41:17.170Z,7.273,137.021,15,7.83,mw,,,,,iscgem,iscgem16958156,2022-04-25T20:33:12.203Z,"State of Yap, Federated States of Micronesia",earthquake,,16.8,0.53,,reviewed,iscgem,iscgem
1911-07-12T04:07:38.110Z,8.488,127.029,15,7.7,mw,,,,,iscgem,iscgem16958154,2022-04-25T20:33:10.784Z,"74 km ENE of Barcelona, Philippines",earthquake,,5,0.32,,reviewed,iscgem,iscgem
1911-06-15T14:25:58.280Z,29.141,128.803,150,7.9,mw,,,,,iscgem,iscgem16958149,2022-04-25T20:33:07.318Z,"108 km NW of Naze, Japan",earthquake,,25,0.4,,reviewed,iscgem,iscgem
1910-12-16T14:44:55.850Z,4.668,126.017,15,7.61,mw,,,,,iscgem,iscgem16958127,2022-04-25T20:32:15.623Z,"101 km SE of Sarangani, Philippines",earthquake,,43.9,0.2,,reviewed,iscgem,iscgem
1910-06-16T06:30:42.940Z,-19.601,169.547,100,7.84,mw,,,,,iscgem,iscgem16958089,2022-04-25T20:31:19.754Z,"28 km ESE of Isangel, Vanuatu",earthquake,,58,0.2,,reviewed,iscgem,iscgem
1910-04-12T00:22:24.800Z,25.967,124.304,235,8.1,mw,,,,,iscgem,iscgem16958079,2022-04-25T20:31:08.146Z,"163 km NW of Hirara, Japan",earthquake,,17.4,0.4,,reviewed,iscgem,iscgem
1909-07-30T10:51:51.970Z,16.463,-99.529,20,7.5,mw,,,,,iscgem,iscgem16958045,2022-04-25T20:30:11.296Z,"27 km SSE of San Andrés Playa Encantada (El Podrido), Mexico",earthquake,,10.5,0.4,,reviewed,iscgem,iscgem
1907-05-25T14:02:06.980Z,51.086,150.453,550,7.65,mw,,,,,iscgem,iscgem914265,2022-04-26T00:10:27.503Z,"Sea of Okhotsk",earthquake,,18.6,0.3,,reviewed,iscgem,iscgem
1907-04-18T20:59:53.520Z,14.39,122.72,15,7.52,mw,,,,,iscgem,iscgem16957953,2022-04-25T20:28:31.309Z,"7 km N of Luklukan, Philippines",earthquake,,25,0.56,,reviewed,iscgem,iscgem
1906-08-17T00:11:10.500Z,51.853,178.18,110,8.3,mw,,,,,iscgem,iscgem16957912,2022-04-25T20:27:09.982Z,"Rat Islands, Aleutian Islands, Alaska",earthquake,,34.5,0.2,,reviewed,iscgem,iscgem
1905-09-15T06:02:20.960Z,55.751,163.952,15,7.84,mw,,,,,iscgem,iscgem16957872,2022-04-25T20:24:19.950Z,"off the east coast of the Kamchatka Peninsula, Russia",earthquake,,12.1,0.46,,reviewed,iscgem,iscgem
1905-07-06T16:20:46.930Z,38.417,144.119,15,7.67,mw,,,,,iscgem,iscgem914292,2022-04-26T00:10:30.983Z,"217 km ESE of Kamaishi, Japan",earthquake,,25,0.2,,reviewed,iscgem,iscgem
1905-02-14T08:46:34.490Z,51.89,-176.702,35,7.59,mw,,,,,iscgem,iscgem16957835,2022-04-25T20:23:11.557Z,"5 km WNW of Adak, Alaska",earthquake,,24.6,0.26,,reviewed,iscgem,iscgem
1904-06-25T21:00:38.720Z,52.763,160.277,30,7.7,mw,,,,,iscgem,iscgem16957819,2022-04-25T20:22:48.406Z,"115 km ESE of Petropavlovsk-Kamchatsky, Russia",earthquake,,10.3,0.4,,reviewed,iscgem,iscgem
1904-06-25T14:45:39.140Z,51.424,161.638,15,7.5,mw,,,,,iscgem,iscgem16957820,2022-05-09T22:48:24.972Z,"274 km SE of Petropavlovsk-Kamchatsky, Russia",earthquake,,25,0.4,,reviewed,iscgem,iscgem
1900-10-09T12:25:00.000Z,57.09,-153.48,,7.86,mw,,,,,ushis,ushis391,2022-05-09T14:44:17.838Z,"16 km SW of Old Harbor, Alaska",earthquake,,,,,reviewed,ushis,pt
1898-06-29T18:36:00.000Z,52,172,,7.6,ms,,,,,ushis,ushis344,2021-09-03T23:38:37.606Z,"South of Attu Island, Alaska",earthquake,,,,,reviewed,ushis,abe
1868-04-03T02:30:00.000Z,19.2,-155.5,,7.9,mfa,,,,,official,official18680403023000000,2019-11-05T22:16:20.430Z,"The 1868 Great Ka`u Earthquake, Hawaii",earthquake,,,,,reviewed,official,official
